State,Month of occurence,1975,1976,1977,1978,1979,1980,1981,1982,1983,1984,1985,1986,1987,1988,1989,1990,1991,1992,1993,1994,1995,1996,1997,1998,1999,2000,2001,2002,2003,2004,2005,2006,2007,2008,2009,2010,2011,2012,2013,2014,2015,2016,2017,2018,2019,2020,2021,2022
AUS,Total,"232,718","227,335","227,059","224,936","223,299","226,452","237,635","238,747","242,983","242,212","244,018","243,863","244,165","251,268","254,564","262,754","258,226","264,190","261,463","262,150","260,069","257,753","255,275","252,916","255,262","254,146","251,568","253,446","253,909","254,588","269,448","276,870","290,971","294,059","296,421","297,181","299,890","308,649","305,521","307,954","304,210","309,613","300,329","297,689","296,458","287,879","305,225","257,991"
AUS,January,"20,017","19,293","18,671","18,751","18,527","18,923","19,466","19,481","19,887","19,888","20,676","20,025","20,016","20,210","20,480","21,255","21,683","22,020","21,588","21,908","21,823","21,151","21,620","21,012","21,353","21,589","20,594","21,520","20,880","21,670","21,405","22,575","24,432","24,743","24,123","24,861","24,952","25,753","26,152","25,354","25,592","25,430","25,443","25,650","24,885","24,782","25,128","24,104"
AUS,February,"18,660","18,663","17,919","18,013","17,960","18,213","18,537","18,714","19,359","19,500","18,998","18,960","19,151","19,724","19,416","20,220","20,045","21,282","20,223","20,422","20,463","20,633","19,632","19,695","20,020","20,231","19,616","20,001","19,457","20,369","20,489","20,946","22,681","23,364","23,412","23,415","23,676","24,648","24,122","24,838","23,704","25,413","23,548","23,503","23,410","22,968","25,144","23,284"
AUS,March,"20,167","20,260","20,084","20,221","20,010","19,559","20,992","21,555","22,182","21,667","21,427","21,106","21,748","22,208","21,599","22,918","22,412","22,757","22,973","23,642","23,223","21,926","21,693","21,884","22,594","22,241","22,085","21,803","21,428","22,405","23,563","23,057","25,451","25,037","25,324","26,678","26,586","26,408","26,415","26,452","26,195","27,413","26,500","25,872","25,743","25,008","27,933","25,883"
AUS,April,"19,092","19,197","18,722","18,830","18,941","18,851","20,315","19,782","20,460","19,987","20,393","20,489","20,539","20,505","20,243","21,751","21,889","21,936","21,727","21,375","21,154","20,856","20,929","21,065","21,203","20,546","20,732","20,906","20,574","21,427","22,625","22,366","23,456","24,042","24,809","24,661","24,817","25,072","25,130","25,617","25,021","25,962","24,540","24,233","24,799","23,949","25,880","24,137"
AUS,May,"20,454","19,274","19,836","19,317","19,646","19,786","20,652","19,970","20,851","20,715","21,054","20,651","20,696","21,051","21,831","22,360","22,221","22,401","22,106","22,097","22,597","21,851","21,728","21,165","21,348","21,928","21,451","21,496","21,428","20,995","22,832","23,244","24,830","24,417","24,612","25,406","25,632","26,406","26,498","25,983","25,216","26,338","25,699","25,489","26,138","24,642","26,267","24,526"
AUS,June,"19,156","18,806","19,287","18,641","18,249","19,070","19,721","19,871","20,115","19,760","19,527","19,810","20,111","20,716","21,330","21,722","21,309","21,855","21,876","21,209","21,690","20,900","21,050","20,842","21,283","20,927","20,588","20,357","21,234","19,620","22,304","22,374","23,772","23,435","24,353","25,061","25,105","25,253","25,014","25,022","24,960","26,065","25,167","24,605","24,172","23,994","25,607","23,533"
AUS,July,"20,077","18,903","19,435","18,454","19,027","19,120","20,149","20,229","20,686","20,229","20,628","20,942","21,074","20,705","21,580","22,312","21,935","22,861","22,204","21,997","22,138","21,822","22,067","21,980","21,782","20,814","21,307","21,624","21,953","22,449","22,683","23,989","24,920","25,586","25,520","25,300","24,925","25,943","25,731","26,335","26,366","25,851","25,072","25,029","25,192","24,727","25,663","23,278"
AUS,August,"19,034","18,373","19,139","19,256","18,800","18,471","20,028","20,547","20,649","20,756","20,818","20,667","20,424","21,348","22,121","22,678","22,008","22,030","21,918","22,210","22,405","21,933","21,456","21,243","21,724","21,777","21,971","21,391","21,647","21,314","23,006","24,209","25,251","24,982","24,411","24,978","25,254","26,418","25,513","25,557","25,616","26,077","25,911","25,293","24,805","24,187","25,061","23,285"
AUS,September,"19,312","18,751","19,017","18,811","18,310","19,010","20,296","20,327","20,682","20,123","20,539","20,897","21,082","21,843","22,074","22,415","21,606","22,721","22,472","22,586","22,075","22,088","21,999","21,837","22,153","21,713","21,719","21,710","22,112","21,928","23,471","24,434","24,517","24,965","25,436","25,086","25,394","25,474","25,597","26,398","26,046","26,310","25,292","24,461","24,699","24,036","25,011","22,459"
AUS,October,"19,434","19,046","19,070","18,746","18,612","19,107","20,004","20,027","20,315","20,636","21,124","21,300","20,385","21,473","22,156","23,121","22,073","22,695","22,207","22,306","21,953","22,399","22,492","21,901","21,258","22,354","21,743","22,015","22,584","21,367","23,176","24,197","25,198","25,478","25,909","24,898","25,083","26,930","25,946","26,809","26,034","25,727","25,266","25,436","25,775","24,066","25,392","21,029"
AUS,November,"18,205","18,111","17,800","17,742","17,629","17,255","18,093","18,714","18,612","19,304","19,455","18,863","19,181","20,431","20,852","21,036","19,974","20,538","20,506","20,866","20,399","20,920","19,947","19,900","19,892","20,513","20,034","20,128","19,808","20,524","21,672","22,851","23,390","22,964","23,830","23,285","24,158","25,404","24,525","24,375","24,220","24,449","24,004","24,232","23,482","22,523","23,801","16,329"
AUS,December,"19,104","18,656","18,077","18,153","17,588","19,087","19,382","19,530","19,185","19,647","19,379","20,153","19,758","21,054","20,882","20,966","21,071","21,094","21,663","21,532","20,149","21,274","20,662","20,392","20,652","19,513","19,728","20,495","20,804","20,520","22,222","22,628","23,073","25,046","24,682","23,552","24,308","24,940","24,878","25,214","25,240","24,578","23,887","23,886","23,358","22,997","24,338","6,144"
NSW,Total,"80,878","78,804","78,585","78,384","77,950","79,569","83,232","83,295","83,507","83,897","84,768","84,365","85,496","87,280","88,018","90,187","88,866","91,379","89,647","89,917","89,059","89,052","88,605","86,887","87,825","88,415","86,608","87,434","87,473","86,190","91,056","91,297","96,284","96,899","96,891","96,980","97,462","99,692","97,157","97,169","96,760","99,027","96,274","96,118","95,495","92,302","98,487","84,670"
NSW,January,"6,962","6,704","6,590","6,556","6,588","6,787","6,824","6,809","6,852","6,870","7,122","7,002","7,014","6,999","7,082","7,349","7,334","7,700","7,428","7,558","7,345","7,246","7,638","7,185","7,365","7,528","7,245","7,332","7,142","7,436","7,221","7,332","8,096","7,978","7,916","8,126","8,183","8,392","8,443","7,676","8,270","8,003","8,285","8,284","7,983","7,966","8,060","7,707"
NSW,February,"6,412","6,599","6,357","6,376","6,277","6,267","6,548","6,437","6,801","6,684","6,573","6,559","6,828","6,816","6,642","6,866","6,861","7,309","6,958","6,949","6,947","6,939","6,771","6,649","6,839","7,060","6,783","6,893","6,651","6,829","6,874","6,570","7,478","7,628","7,593","7,524","7,668","7,817","7,739","7,685","7,527","8,026","7,531","7,460","7,561","7,389","7,935","7,428"
NSW,March,"6,945","7,175","7,035","7,095","6,953","6,967","7,522","7,563","7,741","7,422","7,523","7,111","7,672","7,745","7,313","7,717","7,712","7,843","7,913","8,232","7,898","7,396","7,466","7,546","7,688","7,658","7,719","7,552","7,421","7,611","7,956","6,870","8,426","8,275","8,180","8,552","8,598","8,394","8,294","8,235","8,136","8,667","8,497","8,261","8,294","7,848","9,012","8,396"
NSW,April,"6,647","6,680","6,408","6,513","6,628","6,609","7,169","6,936","7,082","6,970","7,000","7,125","7,091","7,040","6,901","7,443","7,534","7,510","7,413","7,278","7,155","7,086","7,132","7,213","7,323","7,097","7,116","7,078","7,150","7,216","7,703","7,493","7,890","7,811","8,103","8,038","8,061","8,138","7,898","7,990","7,876","8,226","7,792","7,825","7,963","7,636","8,345","7,823"
NSW,May,"7,377","6,576","6,794","6,686","6,862","6,907","7,255","6,904","7,236","7,167","7,135","7,237","7,203","7,369","7,610","7,617","7,644","7,643","7,543","7,509","7,786","7,476","7,414","7,177","7,221","7,651","7,219","7,440","7,485","7,125","7,627","7,871","8,382","8,051","7,985","8,274","8,378","8,681","8,506","8,202","7,979","8,476","8,146","8,188","8,357","7,822","8,476","7,701"
NSW,June,"6,654","6,489","6,712","6,493","6,345","6,962","6,981","6,840","6,779","6,919","6,853","6,860","7,091","7,058","7,368","7,423","7,334","7,563","7,499","7,194","7,358","7,182","7,360","7,185","7,446","7,218","7,226","7,006","7,372","6,584","7,500","7,430","7,950","7,646","7,786","8,318","8,255","8,155","7,930","8,030","7,949","8,391","8,037","7,966","7,778","7,665","8,386","7,436"
NSW,July,"7,047","6,573","6,719","6,438","6,818","6,717","7,123","7,189","6,921","6,945","7,141","7,270","7,288","7,083","7,436","7,609","7,524","8,021","7,624","7,629","7,661","7,471","7,589","7,619","7,544","7,276","7,303","7,392","7,521","7,494","7,769","7,975","8,163","8,639","8,492","8,335","8,030","8,366","8,085","8,350","8,353","8,370","8,241","8,241","8,052","8,013","8,323","7,453"
NSW,August,"6,679","6,319","6,629","6,716","6,547","6,415","6,998","7,231","7,133","7,105","7,211","7,089","7,050","7,488","7,740","7,751","7,746","7,678","7,505","7,656","7,764","7,589","7,442","7,278","7,536","7,625","7,521","7,395","7,476","7,161","7,721","8,164","8,271","8,233","7,954","8,131","8,269","8,529","7,988","8,084","8,252","8,485","8,327","8,115","7,980","7,773","8,177","7,376"
NSW,September,"6,687","6,530","6,643","6,570","6,392","6,708","7,080","7,156","7,030","7,024","7,231","7,244","7,386","7,774","7,705","7,871","7,488","7,924","7,682","7,821","7,580","7,715","7,801","7,537","7,624","7,444","7,485","7,500","7,667","7,535","8,041","8,162","8,144","8,065","8,475","8,259","8,310","8,332","8,244","8,437","8,330","8,334","8,224","8,068","7,979","7,788","8,042","7,095"
NSW,October,"6,709","6,484","6,572","6,379","6,337","6,752","6,888","6,928","7,001","7,215","7,508","7,449","7,096","7,504","7,770","7,913","7,625","7,880","7,556","7,608","7,490","7,785","7,892","7,523","7,271","7,696","7,464","7,735","7,747","7,301","7,895","8,205","8,350","8,473","8,398","8,108","8,089","8,706","8,277","8,574","8,246","8,366","8,003","8,164","8,254","7,601","8,257","6,843"
NSW,November,"6,270","6,217","6,051","6,225","6,147","6,043","6,228","6,532","6,332","6,649","6,709","6,497","6,821","7,002","7,216","7,368","6,886","7,066","7,063","7,077","7,096","7,520","7,002","6,796","6,851","7,094","6,845","7,016","6,708","7,057","7,287","7,655","7,697","7,622","7,930","7,706","7,776","8,266","7,804","7,822","7,813","7,861","7,709","7,819","7,632","7,301","7,732","6,232"
NSW,December,"6,496","6,464","6,085","6,329","6,060","6,435","6,617","6,765","6,599","6,927","6,762","6,922","6,956","7,402","7,235","7,260","7,178","7,242","7,463","7,406","6,979","7,647","7,098","7,179","7,117","7,068","6,682","7,095","7,133","6,841","7,462","7,570","7,437","8,478","8,079","7,609","7,845","7,916","7,949","8,084","8,029","7,822","7,482","7,727","7,662","7,500","7,742","3,180"
VIC,Total,"61,971","59,897","59,569","58,948","57,398","57,960","59,550","59,175","60,202","60,330","61,193","60,685","61,243","63,343","63,843","66,643","64,773","65,703","64,283","64,297","62,911","61,964","61,070","59,877","61,188","60,361","59,688","61,213","60,931","61,831","64,050","67,252","70,204","70,447","71,645","72,288","72,862","75,910","75,993","77,018","76,673","78,220","77,215","76,213","76,076","73,649","77,109","60,596"
VIC,January,"5,301","5,160","4,845","4,814","4,670","4,833","4,840","4,875","4,812","4,908","5,151","4,805","4,910","5,223","5,190","5,468","5,512","5,474","5,343","5,474","5,347","5,179","5,171","4,957","5,087","5,133","4,441","5,185","4,998","5,164","5,056","5,416","5,843","5,988","5,736","6,001","5,936","6,239","6,500","6,377","6,376","6,488","6,498","6,506","6,452","6,400","6,282","6,041"
VIC,February,"4,914","4,830","4,524","4,610","4,636","4,702","4,663","4,696","4,654","4,813","4,747","4,705","4,732","4,940","4,876","5,144","4,986","5,289","5,070","5,043","4,968","4,902","4,708","4,669","4,787","4,761","4,627","4,748","4,679","4,980","4,804","5,126","5,442","5,589","5,568","5,634","5,709","6,112","5,892","6,181","5,791","6,423","6,129","6,009","6,038","5,926","6,573","5,934"
VIC,March,"5,297","5,219","5,176","5,249","5,005","4,916","5,172","5,304","5,400","5,495","5,279","5,120","5,291","5,649","5,403","5,841","5,697","5,635","5,555","5,703","5,544","5,340","5,195","5,022","5,390","5,239","5,242","5,096","4,991","5,407","5,580","5,696","6,099","5,928","6,040","6,373","6,280","6,461","6,511","6,546","6,651","6,867","6,648","6,580","6,534","6,427","7,082","6,327"
VIC,April,"5,023","4,968","4,962","4,865","4,705","4,784","4,988","4,791","4,919","4,813","5,074","5,104","5,094","5,192","5,035","5,550","5,383","5,453","5,275","5,273","5,103","4,978","4,978","4,831","4,949","4,830","4,898","4,974","4,795","5,134","5,210","5,312","5,527","5,697","5,845","5,909","5,891","6,224","6,316","6,328","6,133","6,448","6,206","6,100","6,217","6,072","6,429","5,949"
VIC,May,"5,411","5,129","5,212","4,921","4,914","4,964","5,135","4,908","5,046","5,179","5,288","4,936","5,298","5,282","5,463","5,595","5,523","5,437","5,418","5,403","5,408","5,157","5,255","4,995","5,001","5,274","4,983","5,180","4,947","4,975","5,384","5,500","5,809","5,690","5,810","6,085","6,055","6,235","6,410","6,369","6,191","6,585","6,580","6,555","6,709","6,251","6,701","6,218"
VIC,June,"5,069","4,998","5,028","4,893","4,666","4,702","4,892","4,908","5,086","4,750","4,784","4,911","4,922","5,183","5,364","5,445","5,317","5,282","5,323","5,177","5,238","4,970","4,911","5,001","4,975","4,989","4,836","4,921","5,031","4,757","5,331","5,420","5,660","5,539","5,925","6,019","5,946","6,112","6,132","6,171","6,212","6,453","6,236","6,157","6,183","6,015","6,311","5,784"
VIC,July,"5,345","4,864","4,944","4,912","4,853","4,801","5,067","4,964","5,289","4,909","5,152","5,217","5,210","5,211","5,414","5,529","5,460","5,668","5,389","5,239","5,281","5,241","5,202","5,175","5,217","5,004","5,158","5,305","5,245","5,452","5,313","5,809","5,997","6,117","6,143","6,170","6,227","6,373","6,473","6,540","6,598","6,485","6,290","6,428","6,431","6,178","6,513","5,710"
VIC,August,"5,021","4,755","5,072","5,064","4,882","4,736","4,904","4,939","5,045","5,187","5,345","5,227","5,231","5,345","5,507","5,781","5,439","5,469","5,367","5,510","5,360","5,209","5,087","5,096","5,183","5,125","5,259","5,231","5,294","5,281","5,447","5,963","6,179","6,001","6,013","6,180","6,214","6,507","6,406","6,482","6,495","6,527","6,722","6,525","6,361","6,272","6,213","5,607"
VIC,September,"5,137","4,988","5,083","4,927","4,801","4,968","5,111","5,046","5,269","5,085","5,151","5,358","5,400","5,444","5,470","5,668","5,390","5,679","5,527","5,449","5,215","5,205","5,205","5,172","5,445","5,155","5,253","5,282","5,406","5,280","5,563","5,899","5,967","6,120","6,116","6,130","6,139","6,227","6,316","6,611","6,675","6,709","6,434","6,127","6,354","6,171","6,281","5,446"
VIC,October,"5,321","5,251","5,172","5,124","5,061","5,009","5,124","5,135","5,172","5,285","5,359","5,400","5,172","5,420","5,694","5,985","5,680","5,761","5,511","5,628","5,458","5,585","5,470","5,293","5,341","5,521","5,338","5,414","5,536","5,340","5,653","6,004","6,293","6,220","6,517","6,213","6,388","6,805","6,556","6,879","6,829","6,495","6,863","6,665","6,749","6,407","6,483","4,872"
VIC,November,"4,906","4,816","4,730","4,753","4,563","4,487","4,638","4,741","4,703","4,915","4,941","4,782","4,990","5,170","5,203","5,320","5,038","5,184","5,104","5,217","4,969","5,100","4,860","4,794","4,892","4,998","4,852","4,846","4,935","5,032","5,346","5,552","5,828","5,607","5,834","5,743","5,970","6,337","6,262","6,266","6,231","6,305","6,279","6,286","6,066","5,717","5,952","2,571"
VIC,December,"5,225","4,927","4,822","4,822","4,646","5,052","5,020","4,864","4,812","4,981","4,922","5,116","4,996","5,286","5,220","5,322","5,347","5,371","5,399","5,181","5,020","5,098","5,028","4,872","4,921","4,332","4,801","5,031","5,074","5,029","5,363","5,555","5,560","5,951","6,098","5,831","6,107","6,278","6,219","6,268","6,491","6,435","6,330","6,275","5,982","5,813","6,289",137
QLD,Total,"36,277","35,138","35,214","34,750","35,239","35,841","39,291","40,642","42,071","40,418","40,346","40,709","39,719","41,477","42,953","45,127","44,874","46,752","47,539","47,900","48,355","47,873","47,902","47,951","48,450","48,903","49,559","48,980","50,221","50,872","55,403","56,621","60,199","61,430","61,857","61,956","62,024","63,568","62,842","63,041","61,101","61,619","59,002","59,188","58,900","57,915","61,409","54,963"
QLD,January,"3,193","2,994","2,922","2,833","2,863","2,952","3,233","3,292","3,541","3,388","3,476","3,366","3,308","3,231","3,312","3,574","3,676","3,845","3,845","3,859","4,061","3,925","3,843","4,029","3,994","4,101","4,025","4,102","4,121","4,305","4,333","4,665","5,080","5,190","5,105","5,147","5,193","5,333","5,229","5,295","5,083","5,067","4,882","5,087","4,890","4,847","4,996","4,855"
QLD,February,"3,004","2,938","2,873","2,861","2,880","2,947","3,126","3,236","3,470","3,244","3,256","3,143","3,077","3,215","3,338","3,455","3,489","3,773","3,586","3,766","3,823","3,889","3,610","3,793","3,820","3,866","3,817","3,867","3,841","4,042","4,220","4,403","4,675","4,859","4,995","5,082","4,978","5,144","4,965","5,237","4,837","5,067","4,550","4,761","4,667","4,561","5,026","4,693"
QLD,March,"3,264","3,176","3,247","3,226","3,276","3,185","3,482","3,709","3,987","3,698","3,637","3,699","3,592","3,634","3,761","3,977","3,945","4,085","4,268","4,301","4,390","4,169","4,066","4,246","4,410","4,400","4,320","4,292","4,292","4,603","4,893","5,145","5,290","5,281","5,429","5,703","5,679","5,608","5,582","5,481","5,395","5,596","5,240","5,277","5,163","5,152","5,664","5,397"
QLD,April,"3,041","3,073","2,960","2,995","3,061","3,047","3,464","3,429","3,712","3,394","3,455","3,411","3,523","3,439","3,445","3,691","3,839","3,912","3,941","3,914","3,967","3,960","4,049","4,148","4,093","3,901","4,222","4,202","4,122","4,383","4,842","4,587","4,969","5,204","5,272","5,303","5,308","5,161","5,234","5,379","5,190","5,260","4,978","4,860","5,118","4,915","5,347","5,080"
QLD,May,"3,145","2,979","3,034","3,076","3,231","3,292","3,440","3,469","3,663","3,511","3,476","3,599","3,347","3,545","3,660","4,004","3,920","4,125","4,118","4,073","4,247","4,174","4,164","4,084","4,065","4,239","4,473","4,179","4,199","4,226","4,863","4,815","5,213","5,114","5,375","5,334","5,423","5,490","5,509","5,355","5,252","5,288","5,148","5,124","5,397","5,096","5,256","5,226"
QLD,June,"3,027","2,874","3,053","2,891","2,972","3,105","3,350","3,522","3,520","3,364","3,320","3,429","3,252","3,468","3,607","3,794","3,788","3,967","4,014","3,951","4,007","3,902","4,097","3,923","3,981","4,019","4,037","3,960","4,283","3,943","4,596","4,658","4,857","4,978","5,125","5,239","5,226","5,299","5,241","5,124","5,116","5,319","5,130","5,064","4,850","4,988","5,259","5,045"
QLD,July,"3,193","2,940","3,095","2,791","2,936","3,072","3,256","3,372","3,594","3,404","3,460","3,569","3,497","3,561","3,731","3,940","3,920","4,000","4,054","4,123","4,150","4,096","4,270","4,269","4,248","3,986","4,157","4,351","4,421","4,609","4,777","4,932","5,253","5,260","5,309","5,261","5,101","5,360","5,332","5,540","5,426","5,167","5,041","4,923","5,097","5,026","5,305","4,914"
QLD,August,"2,918","2,890","2,832","2,945","2,904","2,866","3,387","3,569","3,553","3,534","3,346","3,448","3,367","3,514","3,762","3,892","3,814","3,887","4,101","4,066","4,141","4,139","4,138","4,082","4,188","4,199","4,432","4,097","4,231","4,238","4,687","4,777","5,258","5,230","5,092","5,261","5,158","5,432","5,413","5,177","5,096","5,136","5,171","5,004","4,900","4,845","5,152","4,896"
QLD,September,"2,923","2,838","2,833","2,933","2,864","2,828","3,241","3,329","3,415","3,318","3,263","3,337","3,354","3,525","3,698","3,836","3,781","3,948","4,008","4,002","4,127","4,117","4,082","4,047","4,155","4,271","4,174","4,111","4,290","4,366","4,721","4,822","5,119","5,200","5,116","5,096","5,110","5,231","5,227","5,314","5,089","5,257","4,905","4,880","4,802","4,841","5,056","4,719"
QLD,October,"2,901","2,773","2,773","2,807","2,791","2,819","3,270","3,252","3,317","3,294","3,241","3,363","3,139","3,441","3,592","3,837","3,649","3,870","4,099","4,040","4,079","3,992","4,098","3,980","3,846","4,272","4,212","4,019","4,404","4,108","4,545","4,763","5,106","5,172","5,180","4,993","4,968","5,391","5,199","5,330","5,052","5,032","4,749","4,918","4,966","4,703","4,959","4,482"
QLD,November,"2,838","2,897","2,796","2,641","2,767","2,598","2,842","3,189","3,133","3,086","3,226","3,043","2,998","3,367","3,508","3,485","3,386","3,659","3,630","3,836","3,750","3,672","3,631","3,621","3,697","3,915","3,874","3,864","3,889","3,933","4,326","4,511","4,639","4,760","4,781","4,673","4,946","5,055","4,884","4,770","4,686","4,713","4,588","4,699","4,557","4,402","4,647","3,949"
QLD,December,"2,831","2,769","2,804","2,754","2,696","3,138","3,215","3,282","3,168","3,187","3,182","3,302","3,264","3,537","3,539","3,642","3,667","3,681","3,875","3,969","3,613","3,838","3,854","3,729","3,953","3,734","3,816","3,936","4,128","4,116","4,600","4,543","4,740","5,182","5,078","4,864","4,934","5,064","5,027","5,039","4,879","4,717","4,620","4,591","4,493","4,539","4,742","1,707"
SA,Total,"19,591","19,060","19,173","18,424","18,226","18,520","19,088","19,172","19,900","20,199","19,823","19,744","19,275","19,383","19,637","19,811","19,559","19,908","19,767","19,604","19,435","18,932","18,532","18,558","18,298","17,640","17,552","17,613","17,693","17,007","18,019","18,479","19,488","19,685","19,631","19,774","20,040","20,348","19,878","20,409","19,699","19,601","18,970","18,757","18,593","18,039","19,305","17,339"
SA,January,"1,739","1,650","1,559","1,622","1,505","1,520","1,583","1,569","1,660","1,742","1,694","1,687","1,650","1,534","1,624","1,595","1,680","1,672","1,668","1,691","1,696","1,562","1,551","1,580","1,550","1,533","1,509","1,559","1,443","1,471","1,451","1,521","1,627","1,613","1,641","1,706","1,668","1,711","1,708","1,784","1,598","1,638","1,642","1,662","1,561","1,571","1,696","1,563"
SA,February,"1,612","1,542","1,467","1,477","1,457","1,521","1,442","1,503","1,578","1,672","1,543","1,534","1,481","1,537","1,561","1,563","1,486","1,638","1,572","1,516","1,508","1,597","1,461","1,481","1,452","1,425","1,394","1,458","1,310","1,371","1,435","1,473","1,588","1,573","1,585","1,541","1,526","1,600","1,555","1,688","1,569","1,581","1,478","1,476","1,417","1,403","1,582","1,502"
SA,March,"1,690","1,706","1,678","1,661","1,631","1,587","1,704","1,723","1,766","1,813","1,721","1,755","1,710","1,709","1,717","1,788","1,677","1,701","1,726","1,763","1,730","1,634","1,586","1,608","1,639","1,558","1,516","1,581","1,465","1,340","1,639","1,604","1,680","1,722","1,682","1,765","1,704","1,681","1,766","1,789","1,669","1,746","1,716","1,606","1,636","1,608","1,735","1,678"
SA,April,"1,618","1,570","1,586","1,555","1,592","1,563","1,623","1,580","1,558","1,637","1,687","1,637","1,578","1,562","1,605","1,621","1,616","1,653","1,690","1,649","1,588","1,528","1,529","1,534","1,488","1,469","1,409","1,468","1,458","1,450","1,475","1,470","1,493","1,575","1,625","1,606","1,653","1,639","1,589","1,656","1,671","1,662","1,560","1,574","1,570","1,523","1,621","1,470"
SA,May,"1,631","1,651","1,756","1,550","1,637","1,614","1,689","1,618","1,676","1,699","1,769","1,668","1,592","1,651","1,663","1,666","1,640","1,688","1,668","1,595","1,681","1,627","1,607","1,576","1,559","1,502","1,482","1,437","1,489","1,454","1,469","1,540","1,603","1,697","1,566","1,729","1,702","1,740","1,749","1,695","1,620","1,624","1,598","1,510","1,562","1,542","1,678","1,586"
SA,June,"1,650","1,553","1,626","1,467","1,472","1,435","1,598","1,603","1,657","1,679","1,549","1,597","1,624","1,657","1,617","1,637","1,628","1,605","1,683","1,592","1,648","1,553","1,474","1,470","1,567","1,482","1,410","1,353","1,481","1,281","1,553","1,469","1,627","1,545","1,654","1,617","1,644","1,626","1,639","1,657","1,622","1,606","1,591","1,575","1,498","1,487","1,573","1,580"
SA,July,"1,600","1,539","1,699","1,472","1,532","1,544","1,602","1,648","1,693","1,757","1,628","1,664","1,674","1,523","1,630","1,717","1,674","1,761","1,724","1,624","1,619","1,586","1,609","1,542","1,473","1,492","1,521","1,451","1,544","1,476","1,474","1,626","1,683","1,723","1,705","1,687","1,678","1,720","1,688","1,738","1,725","1,641","1,558","1,527","1,565","1,525","1,548","1,505"
SA,August,"1,569","1,537","1,650","1,569","1,508","1,556","1,535","1,642","1,708","1,731","1,684","1,656","1,568","1,702","1,649","1,703","1,642","1,645","1,675","1,593","1,679","1,592","1,547","1,489","1,529","1,488","1,502","1,509","1,533","1,437","1,576","1,552","1,746","1,672","1,582","1,572","1,699","1,794","1,627","1,700","1,646","1,735","1,622","1,614","1,608","1,501","1,589","1,531"
SA,September,"1,612","1,538","1,589","1,554","1,484","1,599","1,693","1,680","1,712","1,602","1,720","1,661","1,744","1,633","1,672","1,605","1,646","1,664","1,691","1,716","1,706","1,613","1,578","1,704","1,627","1,449","1,524","1,546","1,594","1,424","1,567","1,653","1,566","1,680","1,678","1,668","1,728","1,681","1,663","1,690","1,659","1,639","1,641","1,504","1,591","1,475","1,559","1,582"
SA,October,"1,683","1,670","1,570","1,588","1,506","1,627","1,605","1,646","1,741","1,710","1,758","1,713","1,706","1,685","1,681","1,757","1,695","1,720","1,584","1,683","1,564","1,616","1,637","1,621","1,539","1,506","1,465","1,506","1,500","1,470","1,498","1,551","1,709","1,704","1,758","1,713","1,755","1,766","1,650","1,735","1,652","1,612","1,575","1,640","1,693","1,513","1,626","1,460"
SA,November,"1,519","1,487","1,451","1,437","1,463","1,426","1,503","1,457","1,557","1,575","1,549","1,564","1,427","1,601","1,601","1,576","1,535","1,550","1,492","1,556","1,478","1,541","1,482","1,479","1,423","1,388","1,419","1,416","1,430","1,420","1,433","1,527","1,533","1,539","1,567","1,599","1,638","1,737","1,606","1,592","1,545","1,542","1,496","1,522","1,423","1,436","1,521","1,274"
SA,December,"1,672","1,624","1,552","1,475","1,449","1,531","1,516","1,506","1,590","1,579","1,521","1,607","1,518","1,586","1,615","1,583","1,640","1,611","1,594","1,626","1,538","1,483","1,471","1,474","1,452","1,348","1,401","1,329","1,446","1,413","1,449","1,493","1,633","1,642","1,588","1,571","1,645","1,653","1,638","1,685","1,723","1,575","1,493","1,547","1,469","1,455","1,577",608
WA,Total,"20,483","20,636","20,535","20,649","20,775","20,731","22,117","22,274","22,962","22,860","23,263","23,866","24,128","25,034","25,438","25,854","24,899","25,202","25,171","25,228","25,248","25,312","25,090","25,499","25,478","24,894","24,768","24,469","24,039","25,351","26,773","28,356","29,774","30,365","30,955","30,984","31,893","33,532","34,056","34,837","34,631","35,443","33,995","32,917","32,686","31,448","33,642","26,931"
WA,January,"1,705","1,679","1,670","1,751","1,778","1,656","1,802","1,726","1,880","1,853","1,964","2,004","1,950","2,013","2,068","2,046","2,165","2,018","2,089","2,115","2,101","2,027","2,216","2,061","2,153","2,122","2,145","2,144","2,058","2,144","2,192","2,379","2,517","2,686","2,491","2,618","2,640","2,746","2,937","2,910","2,960","2,944","2,824","2,878","2,763","2,746","2,782","2,696"
WA,February,"1,711","1,675","1,608","1,637","1,650","1,686","1,668","1,725","1,730","1,954","1,747","1,914","1,923","2,017","1,926","2,069","2,010","2,070","1,920","1,925","2,046","2,118","1,989","1,982","1,984","2,008","1,939","1,985","1,895","2,117","2,077","2,164","2,359","2,542","2,475","2,411","2,525","2,677","2,764","2,809","2,792","3,013","2,704","2,635","2,551","2,573","2,784","2,552"
WA,March,"1,835","1,742","1,723","1,814","1,920","1,777","1,879","2,009","2,068","1,940","2,018","2,143","2,179","2,236","2,212","2,277","2,133","2,233","2,158","2,273","2,322","2,145","2,195","2,195","2,210","2,222","2,167","2,093","2,055","2,271","2,368","2,450","2,612","2,544","2,699","2,923","2,935","2,946","2,934","3,032","2,945","3,138","3,106","2,872","2,818","2,686","3,059","2,763"
WA,April,"1,679","1,764","1,645","1,757","1,829","1,723","1,864","1,861","1,954","1,937","1,953","1,957","2,065","2,084","2,077","2,217","2,193","2,135","2,136","2,060","2,090","2,147","2,041","2,173","2,173","2,075","1,999","2,066","2,030","2,137","2,245","2,348","2,360","2,510","2,672","2,559","2,641","2,680","2,824","2,982","2,867","3,002","2,742","2,747","2,699","2,590","2,874","2,556"
WA,May,"1,721","1,786","1,813","1,942","1,805","1,813","1,862","1,915","1,996","1,952","2,111","2,044","2,100","2,049","2,171","2,235","2,176","2,229","2,072","2,219","2,201","2,176","2,072","2,190","2,259","2,057","2,132","2,109","2,166","2,184","2,275","2,351","2,538","2,610","2,564","2,660","2,751","2,911","3,000","2,989","2,874","2,988","2,897","2,842","2,839","2,694","2,859","2,633"
WA,June,"1,651","1,752","1,734","1,801","1,689","1,772","1,717","1,851","1,879","1,861","1,885","1,841","2,026","2,140","2,225","2,153","1,997","2,129","2,173","2,056","2,125","2,130","2,049","2,127","2,148","2,039","2,006","1,965","1,969","2,013","2,187","2,258","2,488","2,483","2,547","2,602","2,731","2,781","2,730","2,847","2,755","2,985","2,941","2,634","2,726","2,622","2,811","2,483"
WA,July,"1,773","1,826","1,801","1,721","1,720","1,801","1,955","1,887","1,956","1,981","1,984","2,040","2,178","2,125","2,128","2,248","2,083","2,122","2,146","2,150","2,147","2,151","2,151","2,134","2,174","1,964","2,097","1,972","2,059","2,227","2,136","2,370","2,525","2,521","2,578","2,576","2,581","2,772","2,849","2,849","2,947","2,868","2,758","2,736","2,794","2,663","2,727","2,479"
WA,August,"1,657","1,746","1,777","1,757","1,754","1,726","1,983","1,920","2,003","1,962","1,997","1,993","2,051","2,061","2,209","2,221","2,114","2,095","2,022","2,128","2,147","2,175","2,104","2,130","2,046","2,196","2,113","2,000","2,033","2,031","2,348","2,488","2,525","2,551","2,482","2,585","2,624","2,826","2,788","2,827","2,879","2,925","2,843","2,752","2,658","2,586","2,678","2,620"
WA,September,"1,752","1,717","1,752","1,645","1,666","1,714","1,901","1,917","1,985","1,868","1,948","2,095","1,981","2,155","2,211","2,142","2,077","2,240","2,307","2,252","2,199","2,163","2,182","2,190","2,132","2,236","2,169","2,076","1,983","2,160","2,358","2,555","2,441","2,589","2,741","2,618","2,792","2,726","2,883","3,031","3,040","3,026","2,818","2,723","2,726","2,630","2,834","2,496"
WA,October,"1,698","1,695","1,756","1,611","1,768","1,695","1,902","1,876","1,880","1,868","1,984","2,071","2,080","2,137","2,121","2,238","2,064","2,159","2,136","2,034","2,087","2,177","2,161","2,261","2,123","2,109","2,137","2,145","2,170","2,026","2,326","2,413","2,513","2,599","2,660","2,569","2,564","2,928","2,920","2,978","2,952","2,957","2,836","2,817","2,906","2,624","2,837","2,221"
WA,November,"1,584","1,591","1,589","1,575","1,600","1,598","1,751","1,709","1,776","1,865","1,808","1,826","1,744","2,014","2,017","2,074","1,922","1,852","1,970","1,933","1,952","1,936","1,904","2,034","1,985","1,960","1,972","1,949","1,752","1,996","2,107","2,342","2,419","2,235","2,474","2,421","2,617","2,787","2,653","2,713","2,778","2,794","2,760","2,715","2,637","2,531","2,678","1,310"
WA,December,"1,726","1,675","1,671","1,645","1,608","1,783","1,836","1,878","1,862","1,813","1,861","1,938","1,851","2,003","2,073","1,934","1,965","1,920","2,042","2,083","1,831","1,967","2,026","2,022","2,091","1,906","1,892","1,965","1,869","2,045","2,154","2,238","2,477","2,495","2,572","2,442","2,492","2,752","2,774","2,870","2,842","2,803","2,766","2,566","2,569","2,503","2,719",122
TAS,Total,"6,955","6,794","6,761","6,875","6,813","6,821","7,249","6,982","7,139","7,245","7,209","7,021","6,853","6,953","6,918","7,100","6,992","7,067","6,914","7,041","6,825","6,655","6,297","6,362","6,217","6,000","5,662","5,827","5,629","5,614","6,149","6,539","6,509","6,597","6,534","6,217","6,394","6,018","5,961","5,802","5,626","5,856","5,517","5,439","5,641","5,549","5,916","5,293"
TAS,January,616,546,503,592,553,562,608,609,601,565,617,550,566,537,548,587,606,604,546,532,551,575,528,528,521,522,512,514,460,464,506,562,553,559,522,533,545,533,524,517,483,477,471,460,487,474,489,464
TAS,February,536,527,508,502,493,530,552,538,558,550,556,500,550,553,496,530,587,555,517,546,523,552,498,498,521,469,447,448,426,437,450,528,498,522,503,472,520,524,449,484,446,489,402,423,435,410,456,426
TAS,March,589,618,580,544,609,545,612,607,581,638,586,607,604,588,589,616,549,571,587,637,587,542,530,539,549,494,482,486,484,460,438,546,564,541,580,541,588,462,521,500,505,529,481,491,480,494,525,488
TAS,April,521,505,533,585,572,540,563,569,589,588,624,595,558,561,572,569,579,591,580,523,582,496,516,496,490,477,427,454,410,433,491,450,495,534,524,498,503,479,460,484,474,511,463,400,463,470,474,531
TAS,May,614,588,597,527,584,570,661,571,597,577,624,553,556,529,591,581,579,583,562,571,551,563,548,496,544,482,496,476,460,447,518,474,571,519,564,536,548,530,506,512,441,537,491,448,504,473,498,452
TAS,June,538,560,553,513,558,558,575,576,614,598,555,574,572,554,536,561,588,592,534,595,575,510,516,504,523,517,439,498,432,402,507,481,490,543,554,495,504,475,508,427,457,478,441,442,429,461,512,480
TAS,July,554,569,560,579,578,552,597,588,616,640,616,617,576,569,595,594,595,590,586,587,599,572,562,569,507,475,443,488,500,519,533,575,598,571,512,490,541,509,502,482,498,485,429,431,502,509,492,491
TAS,August,639,536,577,622,606,593,611,635,605,606,614,622,580,602,580,637,599,589,615,569,627,567,506,551,547,504,467,495,476,514,542,577,546,559,572,504,517,515,497,483,462,493,463,506,506,480,487,478
TAS,September,637,590,574,641,573,597,645,621,630,618,619,602,587,624,618,629,563,604,587,638,596,609,522,550,527,504,479,510,491,504,534,634,577,547,545,578,531,495,490,514,466,506,494,446,467,427,494,445
TAS,October,609,615,621,633,608,648,625,577,621,633,612,640,561,615,600,658,592,620,644,634,583,575,555,592,489,543,494,505,520,476,559,550,544,576,625,564,547,521,531,508,500,457,458,501,460,443,478,469
TAS,November,555,547,612,585,522,546,596,517,550,611,619,551,572,617,633,558,544,559,603,595,508,524,486,510,467,514,484,455,470,481,509,601,546,551,532,496,504,480,498,441,422,472,445,452,465,459,517,392
TAS,December,551,602,552,559,562,583,603,576,584,622,572,608,571,598,558,578,604,605,551,614,543,570,530,529,532,499,492,498,500,477,562,561,527,575,501,510,546,495,475,450,472,422,479,439,443,449,494,177
NT,Total,"2,355","2,717","2,682","2,714","2,628","2,844","2,956","3,052","3,122","3,118","3,337","3,355","3,324","3,424","3,450","3,507","3,641","3,740","3,669","3,606","3,740","3,588","3,576","3,571","3,635","3,673","3,799","3,775","3,740","3,537","3,688","3,719","3,853","3,863","3,933","3,890","3,927","4,082","4,053","3,989","4,049","4,028","3,865","3,766","3,589","3,672","3,805","3,289"
NT,January,185,245,197,239,212,248,252,259,230,229,298,288,286,285,301,263,307,310,279,290,342,278,305,318,330,313,335,332,327,301,283,307,314,350,326,310,309,338,360,319,347,332,336,321,308,318,349,319
NT,February,135,236,233,214,244,235,227,244,265,254,286,264,239,297,257,257,282,300,270,316,308,298,299,300,296,312,301,283,335,299,282,315,302,309,324,305,319,340,337,307,308,349,323,300,325,292,338,287
NT,March,206,259,262,258,226,256,265,280,287,295,315,295,342,307,261,328,313,337,368,324,351,344,305,349,329,332,326,353,354,349,321,327,377,342,331,384,358,368,328,379,408,353,335,346,325,325,342,349
NT,April,209,260,241,236,205,235,258,265,316,304,278,295,305,289,313,310,355,334,317,306,299,308,313,321,328,337,352,325,292,333,301,330,348,326,368,332,341,339,357,350,368,365,369,321,312,315,350,281
NT,May,225,235,243,251,236,279,264,268,283,281,317,313,279,291,332,306,348,341,317,337,336,316,287,317,354,324,346,315,358,274,344,330,325,338,343,351,338,387,366,370,367,359,367,367,312,320,355,282
NT,June,193,233,231,256,220,213,260,266,282,241,269,304,288,293,264,332,311,358,299,288,344,313,311,297,296,304,317,315,312,307,316,297,303,334,337,315,371,362,359,326,356,335,334,308,287,321,299,295
NT,July,196,209,238,191,234,241,240,219,273,258,297,245,300,284,267,286,320,316,317,286,314,310,310,306,292,273,298,327,300,309,318,297,313,327,333,328,343,352,331,334,335,310,299,315,290,346,301,307
NT,August,199,193,207,215,245,234,258,246,249,269,280,273,224,280,301,328,297,273,306,298,322,290,292,285,311,282,306,302,286,275,320,287,319,328,296,300,353,341,317,323,315,303,296,316,297,280,296,323
NT,September,202,223,187,211,197,217,246,239,258,255,237,251,258,275,288,255,265,274,279,291,297,295,291,281,267,307,311,322,285,281,329,301,303,325,299,344,302,313,315,317,314,345,297,273,293,280,271,263
NT,October,178,185,216,239,196,218,235,243,220,249,285,277,259,272,297,296,290,315,302,301,307,294,289,285,288,307,301,319,319,270,313,304,305,303,335,308,314,320,315,324,332,316,305,297,261,314,323,282
NT,November,190,218,211,192,206,228,221,254,223,263,247,267,272,280,287,276,273,289,296,281,275,254,261,271,262,268,292,264,267,270,300,314,332,283,309,298,288,304,329,316,292,313,286,314,277,253,283,238
NT,December,240,223,218,212,211,242,236,273,243,230,235,286,275,279,285,281,291,299,325,299,256,298,313,251,287,317,314,318,305,269,261,310,312,298,332,315,291,318,339,324,307,348,318,288,302,308,298,63
ACT,Total,"4,187","4,280","4,432","4,190","4,268","4,165","4,152","4,156","4,078","4,146","4,076","4,118","4,125","4,372","4,304","4,524","4,620","4,433","4,426","4,495","4,439","4,324","4,156","4,176","4,136","4,216","3,892","4,104","4,152","4,158","4,276","4,584","4,635","4,746","4,952","5,073","5,258","5,463","5,552","5,654","5,641","5,781","5,457","5,256","5,458","5,284","5,520","4,880"
ACT,January,320,319,383,345,362,368,329,345,319,335,359,320,332,389,358,373,403,397,385,381,378,361,366,352,352,332,379,349,328,384,361,391,401,374,385,419,476,460,450,475,472,479,504,448,440,459,472,457
ACT,February,333,321,344,336,324,328,314,336,306,329,288,342,320,347,320,336,341,348,328,358,335,336,299,323,321,327,307,317,317,290,344,365,339,339,366,444,430,434,417,443,433,463,425,438,414,412,446,457
ACT,March,342,371,373,377,392,328,359,358,351,363,348,374,361,339,345,378,386,351,393,404,393,349,344,380,374,335,311,346,362,361,365,418,401,402,381,436,443,483,477,486,483,514,476,439,491,465,512,484
ACT,April,348,381,379,325,351,356,385,355,331,345,322,366,326,336,291,352,391,347,375,371,367,353,368,339,356,359,303,335,311,339,356,374,373,382,399,413,417,411,450,443,437,482,430,405,456,427,435,444
ACT,May,336,335,381,365,379,347,353,322,358,351,336,300,322,335,339,359,389,355,402,386,380,364,375,330,347,394,317,357,320,306,348,361,387,395,400,436,435,427,449,487,487,476,467,451,456,441,441,425
ACT,June,374,348,350,328,329,328,354,307,299,351,314,296,335,365,352,378,348,362,348,350,390,340,327,335,346,354,311,338,353,331,312,361,394,366,425,452,426,438,471,438,492,495,456,454,419,432,451,430
ACT,July,372,388,369,351,359,394,309,361,340,334,351,319,350,350,381,390,356,383,362,355,366,390,370,362,321,342,328,336,361,361,362,403,386,427,447,452,423,488,471,500,484,522,455,426,460,466,452,416
ACT,August,354,396,387,370,357,347,355,364,356,362,341,358,355,356,373,367,357,394,325,391,364,371,336,330,383,353,369,360,316,374,363,400,405,408,420,441,416,469,475,479,468,470,464,459,494,448,468,454
ACT,September,361,331,356,330,334,379,380,339,390,354,370,347,374,413,410,410,398,388,388,419,353,369,334,355,375,347,321,361,395,377,355,405,397,435,464,393,476,465,454,483,471,488,476,435,484,424,474,406
ACT,October,337,375,386,368,356,339,358,369,363,379,375,390,373,401,402,437,480,371,372,376,382,368,386,345,357,396,329,369,384,373,384,405,377,431,434,429,454,491,497,478,469,490,472,430,484,459,427,396
ACT,November,344,340,357,331,363,331,313,312,339,336,355,332,356,384,385,379,390,379,342,366,368,366,316,396,315,374,291,314,357,333,360,344,396,366,399,349,418,435,488,452,453,447,437,420,423,421,466,361
ACT,December,366,375,368,364,362,320,343,388,329,308,324,376,325,363,358,369,381,365,414,347,364,364,339,334,296,304,326,322,348,329,366,357,379,421,432,409,444,462,453,490,492,455,395,451,437,430,476,150